[
  {
    "cmd": [
      "python3",
      "RECIPE_REPO[depot_tools]/git_footers.py",
      "--json",
      "/path/to/tmp/json"
    ],
    "name": "parse description",
    "stdin": "hihihi\nfoo:bar\nbam:baz",
    "~followup_annotations": [
      "@@@STEP_LOG_LINE@json.output@{@@@",
      "@@@STEP_LOG_LINE@json.output@  \"Foo\": [@@@",
      "@@@STEP_LOG_LINE@json.output@    \"bar\"@@@",
      "@@@STEP_LOG_LINE@json.output@  ]@@@",
      "@@@STEP_LOG_LINE@json.output@}@@@",
      "@@@STEP_LOG_END@json.output@@@"
    ]
  },
  {
    "cmd": [
      "echo",
      "{'Foo': ['bar']}"
    ],
    "name": "patch_text test"
  },
  {
    "cmd": [
      "python3",
      "RECIPE_REPO[depot_tools]/git_footers.py",
      "--json",
      "/path/to/tmp/json"
    ],
    "name": "parse description (2)",
    "stdin": "hihihi\nfoo:bar\nbam:baz",
    "~followup_annotations": [
      "@@@STEP_LOG_LINE@json.output@{@@@",
      "@@@STEP_LOG_LINE@json.output@  \"Foo\": [@@@",
      "@@@STEP_LOG_LINE@json.output@    \"bar\"@@@",
      "@@@STEP_LOG_LINE@json.output@  ]@@@",
      "@@@STEP_LOG_LINE@json.output@}@@@",
      "@@@STEP_LOG_END@json.output@@@"
    ]
  },
  {
    "cmd": [
      "echo",
      "['bar']"
    ],
    "name": "patch_text test (2)"
  },
  {
    "name": "$result"
  }
]